KBANK MSSD 10 งวด 2044.75 บาท,,,
เดือน,งวด,ยอด,สถานะ
03/2568,1 รวมดอก,219.61,TRUE
04/2568,2 รวมดอก,219.61,TRUE
05/2568,3 รวมดอก,219.61,TRUE
06/2568,4 รวมดอก,219.61,TRUE
07/2568,5 รวมดอก,219.61,TRUE
08/2568,6 รวมดอก,219.61,TRUE
09/2568,7 รวมดอก,219.61,TRUE
10/2568,8 รวมดอก,219.61,TRUE
11/2568,9 รวมดอก,219.61,TRUE
12/2568,10 รวมดอก,219.61,TRUE
เหลือจ่ายทั้งหมด,,,0.00
,,,
,,,
KBANK UNIQLO 10 งวด 1267.75 บาท,,,
เดือน,งวด,ยอด,สถานะ
03/2568,1 รวมดอก,136.16,TRUE
04/2568,2 รวมดอก,136.16,TRUE
05/2568,3 รวมดอก,136.16,TRUE
06/2568,4 รวมดอก,136.16,TRUE
07/2568,5 รวมดอก,136.16,TRUE
08/2568,6 รวมดอก,136.16,TRUE
09/2568,7 รวมดอก,136.16,TRUE
10/2568,8 รวมดอก,136.16,TRUE
11/2568,9 รวมดอก,136.16,TRUE
12/2568,10 รวมดอก,136.16,TRUE
เหลือจ่ายทั้งหมด,,,0.00
,,,
,,,
KBANK CAMERA 10 งวด 1116.62 บาท,,,
เดือน,งวด,ยอด,สถานะ
03/2568,1 รวมดอก,119.92,TRUE
04/2568,2 รวมดอก,119.92,TRUE
05/2568,3 รวมดอก,119.92,TRUE
06/2568,4 รวมดอก,119.92,TRUE
07/2568,5 รวมดอก,119.92,TRUE
08/2568,6 รวมดอก,119.92,TRUE
09/2568,7 รวมดอก,119.92,TRUE
10/2568,8 รวมดอก,119.92,TRUE
11/2568,9 รวมดอก,119.92,TRUE
12/2568,10 รวมดอก,119.92,TRUE
เหลือจ่ายทั้งหมด,,,0.00
,,,
,,,
KBANK CAMERA 10 งวด 3164.50 บาท,,,
เดือน,งวด,ยอด,สถานะ
04/2568,1 รวมดอก,339.87,TRUE
05/2568,2 รวมดอก,339.87,TRUE
06/2568,3 รวมดอก,339.87,TRUE
07/2568,4 รวมดอก,339.87,TRUE
08/2568,5 รวมดอก,339.87,TRUE
09/2568,6 รวมดอก,339.87,TRUE
10/2568,7 รวมดอก,339.87,TRUE
11/2568,8 รวมดอก,339.87,TRUE
12/2568,9 รวมดอก,339.87,TRUE
01/2569,10 รวมดอก,339.87,TRUE
เหลือจ่ายทั้งหมด,,,0.00
,,,
,,,
KBANK MEGA DON 10 งวด 3246.72 บาท,,,
เดือน,งวด,ยอด,สถานะ
04/2568,1 รวมดอก,348.70,TRUE
05/2568,2 รวมดอก,348.70,TRUE
06/2568,3 รวมดอก,348.70,TRUE
07/2568,4 รวมดอก,348.70,TRUE
08/2568,5 รวมดอก,348.70,TRUE
09/2568,6 รวมดอก,348.70,TRUE
10/2568,7 รวมดอก,348.70,TRUE
11/2568,8 รวมดอก,348.70,TRUE
12/2568,9 รวมดอก,348.70,TRUE
01/2569,10 รวมดอก,348.70,TRUE
เหลือจ่ายทั้งหมด,,,0.00
,,,
,,,
,,,
,,,
KBANK รวม แต่ละเดือนที่ต้องจ่าย,,,
เดือน,ยอด,,
06/2568,"1,164.26",,
07/2568,"1,164.26",,
08/2568,"1,164.26",,
09/2568,"1,164.26",,
10/2568,"1,164.26",,
11/2568,"1,164.26",,
12/2568,"1,164.26",,
01/2569,688.57,,